Workbook

Sheet Sheet1
A1: TransID | B1: Date | C1: RepID | D1: ProductID | E1: Qty | F1: RepName | G1: Region | H1: Unit Price | I1: Total Revenue
A2: TX-1010 | B2: 45236 | C2: R-004 | D2: P-501 | E2: 8 | F2: =_xlfn.XLOOKUP(Sheet1!C11,Sheet2!$A$2:$A$6,Sheet2!$B$2:$B$6,"Not Found",0) -> Not Found | G2: =_xlfn.XLOOKUP(Sheet1!C11,Sheet2!$A$2:$A$6,Sheet2!$C$2:$C$6,"Not Found",0,) -> Not Found | H2: =_xlfn.XLOOKUP(Sheet1!D11,Sheet3!$A$2:$A$5,Sheet3!$C$2:$C$5,"Not Found",0,) -> 30 | I2: =H2*E2 -> 240
A3: TX-1004 | B3: 45232 | C3: R-001 | D3: P-502 | E3: 10 | F3: =_xlfn.XLOOKUP(Sheet1!C5,Sheet2!$A$2:$A$6,Sheet2!$B$2:$B$6,"Not Found",0) -> Diana Prince | G3: =_xlfn.XLOOKUP(Sheet1!C5,Sheet2!$A$2:$A$6,Sheet2!$C$2:$C$6,"Not Found",0,) -> West | H3: =_xlfn.XLOOKUP(Sheet1!D5,Sheet3!$A$2:$A$5,Sheet3!$C$2:$C$5,"Not Found",0,) -> 15 | I3: =H3*E3 -> 150
A4: TX-1001 | B4: 45231 | C4: R-001 | D4: P-500 | E4: 5 | F4: =_xlfn.XLOOKUP(Sheet1!C2,Sheet2!$A$2:$A$6,Sheet2!$B$2:$B$6,"Not Found",0) -> Diana Prince | G4: =_xlfn.XLOOKUP(Sheet1!C2,Sheet2!$A$2:$A$6,Sheet2!$C$2:$C$6,"Not Found",0,) -> West | H4: =_xlfn.XLOOKUP(Sheet1!D2,Sheet3!$A$2:$A$5,Sheet3!$C$2:$C$5,"Not Found",0,) -> 45 | I4: =H4*E4 -> 225
A5: TX-1015 | B5: 45238 | C5: R-004 | D5: P-502 | E5: 7 | F5: =_xlfn.XLOOKUP(Sheet1!C16,Sheet2!$A$2:$A$6,Sheet2!$B$2:$B$6,"Not Found",0) -> Not Found | G5: =_xlfn.XLOOKUP(Sheet1!C16,Sheet2!$A$2:$A$6,Sheet2!$C$2:$C$6,"Not Found",0,) -> Not Found | H5: =_xlfn.XLOOKUP(Sheet1!D16,Sheet3!$A$2:$A$5,Sheet3!$C$2:$C$5,"Not Found",0,) -> 25 | I5: =H5*E5 -> 175
A6: TX-1008 | B6: 45235 | C6: R-005 | D6: P-500 | E6: 6 | F6: =_xlfn.XLOOKUP(Sheet1!C9,Sheet2!$A$2:$A$6,Sheet2!$B$2:$B$6,"Not Found",0) -> Bob Jones | G6: =_xlfn.XLOOKUP(Sheet1!C9,Sheet2!$A$2:$A$6,Sheet2!$C$2:$C$6,"Not Found",0,) -> South | H6: =_xlfn.XLOOKUP(Sheet1!D9,Sheet3!$A$2:$A$5,Sheet3!$C$2:$C$5,"Not Found",0,) -> 30 | I6: =H6*E6 -> 180
A7: TX-1006 | B7: 45233 | C7: R-002 | D7: P-501 | E7: 4 | F7: =_xlfn.XLOOKUP(Sheet1!C7,Sheet2!$A$2:$A$6,Sheet2!$B$2:$B$6,"Not Found",0) -> Bob Jones | G7: =_xlfn.XLOOKUP(Sheet1!C7,Sheet2!$A$2:$A$6,Sheet2!$C$2:$C$6,"Not Found",0,) -> South | H7: =_xlfn.XLOOKUP(Sheet1!D7,Sheet3!$A$2:$A$5,Sheet3!$C$2:$C$5,"Not Found",0,) -> 45 | I7: =H7*E7 -> 180
A8: TX-1005 | B8: 45233 | C8: R-004 | D8: P-505 | E8: 3 | F8: =_xlfn.XLOOKUP(Sheet1!C6,Sheet2!$A$2:$A$6,Sheet2!$B$2:$B$6,"Not Found",0) -> Ethan Hunt | G8: =_xlfn.XLOOKUP(Sheet1!C6,Sheet2!$A$2:$A$6,Sheet2!$C$2:$C$6,"Not Found",0,) -> North | H8: =_xlfn.XLOOKUP(Sheet1!D6,Sheet3!$A$2:$A$5,Sheet3!$C$2:$C$5,"Not Found",0,) -> 25 | I8: =H8*E8 -> 75
A9: TX-1002 | B9: 45231 | C9: R-002 | D9: P-505 | E9: 2 | F9: =_xlfn.XLOOKUP(Sheet1!C3,Sheet2!$A$2:$A$6,Sheet2!$B$2:$B$6,"Not Found",0) -> Alice Smith | G9: =_xlfn.XLOOKUP(Sheet1!C3,Sheet2!$A$2:$A$6,Sheet2!$C$2:$C$6,"Not Found",0,) -> North | H9: =_xlfn.XLOOKUP(Sheet1!D3,Sheet3!$A$2:$A$5,Sheet3!$C$2:$C$5,"Not Found",0,) -> 15 | I9: =H9*E9 -> 30
A10: TX-1011 | B10: 45236 | C10: R-005 | D10: P-502 | E10: 3 | F10: =_xlfn.XLOOKUP(Sheet1!C12,Sheet2!$A$2:$A$6,Sheet2!$B$2:$B$6,"Not Found",0) -> Bob Jones | G10: =_xlfn.XLOOKUP(Sheet1!C12,Sheet2!$A$2:$A$6,Sheet2!$C$2:$C$6,"Not Found",0,) -> South | H10: =_xlfn.XLOOKUP(Sheet1!D12,Sheet3!$A$2:$A$5,Sheet3!$C$2:$C$5,"Not Found",0,) -> 25 | I10: =H10*E10 -> 75
A11: TX-1013 | B11: 45237 | C11: R-003 | D11: P-505 | E11: 5 | F11: =_xlfn.XLOOKUP(Sheet1!C14,Sheet2!$A$2:$A$6,Sheet2!$B$2:$B$6,"Not Found",0) -> Not Found | G11: =_xlfn.XLOOKUP(Sheet1!C14,Sheet2!$A$2:$A$6,Sheet2!$C$2:$C$6,"Not Found",0,) -> Not Found | H11: =_xlfn.XLOOKUP(Sheet1!D14,Sheet3!$A$2:$A$5,Sheet3!$C$2:$C$5,"Not Found",0,) -> 15 | I11: =H11*E11 -> 75
A12: TX-1012 | B12: 45237 | C12: R-002 | D12: P-500 | E12: 4 | F12: =_xlfn.XLOOKUP(Sheet1!C13,Sheet2!$A$2:$A$6,Sheet2!$B$2:$B$6,"Not Found",0) -> Alice Smith | G12: =_xlfn.XLOOKUP(Sheet1!C13,Sheet2!$A$2:$A$6,Sheet2!$C$2:$C$6,"Not Found",0,) -> North | H12: =_xlfn.XLOOKUP(Sheet1!D13,Sheet3!$A$2:$A$5,Sheet3!$C$2:$C$5,"Not Found",0,) -> 45 | I12: =H12*E12 -> 180
A13: TX-1014 | B13: 45238 | C13: R-001 | D13: P-501 | E13: 2 | F13: =_xlfn.XLOOKUP(Sheet1!C15,Sheet2!$A$2:$A$6,Sheet2!$B$2:$B$6,"Not Found",0) -> Alice Smith | G13: =_xlfn.XLOOKUP(Sheet1!C15,Sheet2!$A$2:$A$6,Sheet2!$C$2:$C$6,"Not Found",0,) -> North | H13: =_xlfn.XLOOKUP(Sheet1!D15,Sheet3!$A$2:$A$5,Sheet3!$C$2:$C$5,"Not Found",0,) -> 30 | I13: =H13*E13 -> 60
A14: TX-1007 | B14: 45234 | C14: R-003 | D14: P-502 | E14: 2 | F14: =_xlfn.XLOOKUP(Sheet1!C8,Sheet2!$A$2:$A$6,Sheet2!$B$2:$B$6,"Not Found",0) -> Diana Prince | G14: =_xlfn.XLOOKUP(Sheet1!C8,Sheet2!$A$2:$A$6,Sheet2!$C$2:$C$6,"Not Found",0,) -> West | H14: =_xlfn.XLOOKUP(Sheet1!D8,Sheet3!$A$2:$A$5,Sheet3!$C$2:$C$5,"Not Found",0,) -> 30 | I14: =H14*E14 -> 60
A15: TX-1009 | B15: 45235 | C15: R-001 | D15: P-505 | E15: 1 | F15: =_xlfn.XLOOKUP(Sheet1!C10,Sheet2!$A$2:$A$6,Sheet2!$B$2:$B$6,"Not Found",0) -> Ethan Hunt | G15: =_xlfn.XLOOKUP(Sheet1!C10,Sheet2!$A$2:$A$6,Sheet2!$C$2:$C$6,"Not Found",0,) -> North | H15: =_xlfn.XLOOKUP(Sheet1!D10,Sheet3!$A$2:$A$5,Sheet3!$C$2:$C$5,"Not Found",0,) -> 15 | I15: =H15*E15 -> 15
A16: TX-1003 | B16: 45232 | C16: R-003 | D16: P-500 | E16: 1 | F16: =_xlfn.XLOOKUP(Sheet1!C4,Sheet2!$A$2:$A$6,Sheet2!$B$2:$B$6,"Not Found",0) -> Alice Smith | G16: =_xlfn.XLOOKUP(Sheet1!C4,Sheet2!$A$2:$A$6,Sheet2!$C$2:$C$6,"Not Found",0,) -> North | H16: =_xlfn.XLOOKUP(Sheet1!D4,Sheet3!$A$2:$A$5,Sheet3!$C$2:$C$5,"Not Found",0,) -> 25 | I16: =H16*E16 -> 25

Sheet Sheet2
A1: RepID | B1: RepName | C1: Region
A2: R-001 | B2: Alice Smith | C2: North
A3: R-002 | B3: Bob Jones | C3: South
A4: R-003 | B4: Charlie Day | C4: East
A5: R-004 | B5: Diana Prince | C5: West
A6: R-005 | B6: Ethan Hunt | C6: North

Sheet Sheet3
A1: ProductID | B1: ProductName | C1: UnitPrice
A2: P-500 | B2: Pro Widget | C2: 25
A3: P-501 | B3: Mega Gadget | C3: 45
A4: P-502 | B4: Ultra Gizmo | C4: 15
A5: P-505 | B5: Power Pack | C5: 30
